{
	"partitions" : [
		{
			"name" : "Top",
			"pins" : [
				{
					"name" : "D[0]",
					"strict" : false
				},
				{
					"name" : "D[1]",
					"strict" : false
				},
				{
					"name" : "D[2]",
					"strict" : false
				},
				{
					"name" : "D[3]",
					"strict" : false
				},
				{
					"name" : "D[4]",
					"strict" : false
				},
				{
					"name" : "D[5]",
					"strict" : false
				},
				{
					"name" : "D[6]",
					"strict" : false
				},
				{
					"name" : "D[7]",
					"strict" : false
				},
				{
					"name" : "D[8]",
					"strict" : false
				},
				{
					"name" : "D[9]",
					"strict" : false
				},
				{
					"name" : "D[10]",
					"strict" : false
				},
				{
					"name" : "D[11]",
					"strict" : false
				},
				{
					"name" : "D[12]",
					"strict" : false
				},
				{
					"name" : "D[13]",
					"strict" : false
				},
				{
					"name" : "D[14]",
					"strict" : false
				},
				{
					"name" : "D[15]",
					"strict" : false
				},
				{
					"name" : "RD",
					"strict" : false
				},
				{
					"name" : "WR",
					"strict" : false
				},
				{
					"name" : "clk",
					"strict" : false
				},
				{
					"name" : "AD[0]",
					"strict" : false
				},
				{
					"name" : "AD[1]",
					"strict" : false
				},
				{
					"name" : "AD[2]",
					"strict" : false
				},
				{
					"name" : "AD[3]",
					"strict" : false
				},
				{
					"name" : "AD[4]",
					"strict" : false
				},
				{
					"name" : "AD[5]",
					"strict" : false
				},
				{
					"name" : "AD[6]",
					"strict" : false
				},
				{
					"name" : "AD[7]",
					"strict" : false
				},
				{
					"name" : "AD[8]",
					"strict" : false
				},
				{
					"name" : "AD[9]",
					"strict" : false
				}
			]
		}
	]
}