{
	"partitions" : [
		{
			"name" : "Top",
			"pins" : [
				{
					"name" : "AD[0]",
					"strict" : false
				},
				{
					"name" : "AD[1]",
					"strict" : false
				},
				{
					"name" : "AD[2]",
					"strict" : false
				},
				{
					"name" : "AD[3]",
					"strict" : false
				},
				{
					"name" : "AD[4]",
					"strict" : false
				},
				{
					"name" : "AD[5]",
					"strict" : false
				},
				{
					"name" : "AD[6]",
					"strict" : false
				},
				{
					"name" : "AD[7]",
					"strict" : false
				},
				{
					"name" : "AD[8]",
					"strict" : false
				},
				{
					"name" : "AD[9]",
					"strict" : false
				},
				{
					"name" : "AD[10]",
					"strict" : false
				},
				{
					"name" : "AD[11]",
					"strict" : false
				},
				{
					"name" : "AD[12]",
					"strict" : false
				},
				{
					"name" : "AD[13]",
					"strict" : false
				},
				{
					"name" : "AD[14]",
					"strict" : false
				},
				{
					"name" : "AD[15]",
					"strict" : false
				},
				{
					"name" : "AD[16]",
					"strict" : false
				},
				{
					"name" : "AD[17]",
					"strict" : false
				},
				{
					"name" : "AD[18]",
					"strict" : false
				},
				{
					"name" : "AD[19]",
					"strict" : false
				},
				{
					"name" : "AD[20]",
					"strict" : false
				},
				{
					"name" : "AD[21]",
					"strict" : false
				},
				{
					"name" : "AD[22]",
					"strict" : false
				},
				{
					"name" : "AD[23]",
					"strict" : false
				},
				{
					"name" : "AD[24]",
					"strict" : false
				},
				{
					"name" : "AD[25]",
					"strict" : false
				},
				{
					"name" : "AD[26]",
					"strict" : false
				},
				{
					"name" : "AD[27]",
					"strict" : false
				},
				{
					"name" : "AD[28]",
					"strict" : false
				},
				{
					"name" : "AD[29]",
					"strict" : false
				},
				{
					"name" : "AD[30]",
					"strict" : false
				},
				{
					"name" : "AD[31]",
					"strict" : false
				},
				{
					"name" : "DI[0]",
					"strict" : false
				},
				{
					"name" : "DI[1]",
					"strict" : false
				},
				{
					"name" : "DI[2]",
					"strict" : false
				},
				{
					"name" : "DI[3]",
					"strict" : false
				},
				{
					"name" : "DI[4]",
					"strict" : false
				},
				{
					"name" : "DI[5]",
					"strict" : false
				},
				{
					"name" : "DI[6]",
					"strict" : false
				},
				{
					"name" : "DI[7]",
					"strict" : false
				},
				{
					"name" : "DI[8]",
					"strict" : false
				},
				{
					"name" : "DI[9]",
					"strict" : false
				},
				{
					"name" : "DI[10]",
					"strict" : false
				},
				{
					"name" : "DI[11]",
					"strict" : false
				},
				{
					"name" : "DI[12]",
					"strict" : false
				},
				{
					"name" : "DI[13]",
					"strict" : false
				},
				{
					"name" : "DI[14]",
					"strict" : false
				},
				{
					"name" : "DI[15]",
					"strict" : false
				},
				{
					"name" : "WR",
					"strict" : false
				},
				{
					"name" : "RD",
					"strict" : false
				},
				{
					"name" : "D[0]",
					"strict" : false
				},
				{
					"name" : "D[1]",
					"strict" : false
				},
				{
					"name" : "D[2]",
					"strict" : false
				},
				{
					"name" : "D[3]",
					"strict" : false
				},
				{
					"name" : "D[4]",
					"strict" : false
				},
				{
					"name" : "D[5]",
					"strict" : false
				},
				{
					"name" : "D[6]",
					"strict" : false
				},
				{
					"name" : "D[7]",
					"strict" : false
				},
				{
					"name" : "D[8]",
					"strict" : false
				},
				{
					"name" : "D[9]",
					"strict" : false
				},
				{
					"name" : "D[10]",
					"strict" : false
				},
				{
					"name" : "D[11]",
					"strict" : false
				},
				{
					"name" : "D[12]",
					"strict" : false
				},
				{
					"name" : "D[13]",
					"strict" : false
				},
				{
					"name" : "D[14]",
					"strict" : false
				},
				{
					"name" : "D[15]",
					"strict" : false
				},
				{
					"name" : "WRin",
					"strict" : false
				},
				{
					"name" : "RDin",
					"strict" : false
				},
				{
					"name" : "A[0]",
					"strict" : false
				},
				{
					"name" : "Smar",
					"strict" : false
				},
				{
					"name" : "A[1]",
					"strict" : false
				},
				{
					"name" : "A[2]",
					"strict" : false
				},
				{
					"name" : "A[3]",
					"strict" : false
				},
				{
					"name" : "A[4]",
					"strict" : false
				},
				{
					"name" : "A[5]",
					"strict" : false
				},
				{
					"name" : "A[6]",
					"strict" : false
				},
				{
					"name" : "A[7]",
					"strict" : false
				},
				{
					"name" : "A[8]",
					"strict" : false
				},
				{
					"name" : "A[9]",
					"strict" : false
				},
				{
					"name" : "A[10]",
					"strict" : false
				},
				{
					"name" : "A[11]",
					"strict" : false
				},
				{
					"name" : "A[12]",
					"strict" : false
				},
				{
					"name" : "A[13]",
					"strict" : false
				},
				{
					"name" : "A[14]",
					"strict" : false
				},
				{
					"name" : "A[15]",
					"strict" : false
				},
				{
					"name" : "A[16]",
					"strict" : false
				},
				{
					"name" : "A[17]",
					"strict" : false
				},
				{
					"name" : "A[18]",
					"strict" : false
				},
				{
					"name" : "A[19]",
					"strict" : false
				},
				{
					"name" : "A[20]",
					"strict" : false
				},
				{
					"name" : "A[21]",
					"strict" : false
				},
				{
					"name" : "A[22]",
					"strict" : false
				},
				{
					"name" : "A[23]",
					"strict" : false
				},
				{
					"name" : "A[24]",
					"strict" : false
				},
				{
					"name" : "A[25]",
					"strict" : false
				},
				{
					"name" : "A[26]",
					"strict" : false
				},
				{
					"name" : "A[27]",
					"strict" : false
				},
				{
					"name" : "A[28]",
					"strict" : false
				},
				{
					"name" : "A[29]",
					"strict" : false
				},
				{
					"name" : "A[30]",
					"strict" : false
				},
				{
					"name" : "A[31]",
					"strict" : false
				},
				{
					"name" : "DO[0]",
					"strict" : false
				},
				{
					"name" : "Smbr",
					"strict" : false
				},
				{
					"name" : "DO[1]",
					"strict" : false
				},
				{
					"name" : "DO[2]",
					"strict" : false
				},
				{
					"name" : "DO[3]",
					"strict" : false
				},
				{
					"name" : "DO[4]",
					"strict" : false
				},
				{
					"name" : "DO[5]",
					"strict" : false
				},
				{
					"name" : "DO[6]",
					"strict" : false
				},
				{
					"name" : "DO[7]",
					"strict" : false
				},
				{
					"name" : "DO[8]",
					"strict" : false
				},
				{
					"name" : "DO[9]",
					"strict" : false
				},
				{
					"name" : "DO[10]",
					"strict" : false
				},
				{
					"name" : "DO[11]",
					"strict" : false
				},
				{
					"name" : "DO[12]",
					"strict" : false
				},
				{
					"name" : "DO[13]",
					"strict" : false
				},
				{
					"name" : "DO[14]",
					"strict" : false
				},
				{
					"name" : "DO[15]",
					"strict" : false
				}
			]
		}
	]
}