{
	"partitions" : [
		{
			"name" : "Top",
			"pins" : [
				{
					"name" : "BB[0]",
					"strict" : false
				},
				{
					"name" : "BB[1]",
					"strict" : false
				},
				{
					"name" : "BB[2]",
					"strict" : false
				},
				{
					"name" : "BB[3]",
					"strict" : false
				},
				{
					"name" : "BB[4]",
					"strict" : false
				},
				{
					"name" : "BB[5]",
					"strict" : false
				},
				{
					"name" : "BB[6]",
					"strict" : false
				},
				{
					"name" : "BB[7]",
					"strict" : false
				},
				{
					"name" : "BB[8]",
					"strict" : false
				},
				{
					"name" : "BB[9]",
					"strict" : false
				},
				{
					"name" : "BB[10]",
					"strict" : false
				},
				{
					"name" : "BB[11]",
					"strict" : false
				},
				{
					"name" : "BB[12]",
					"strict" : false
				},
				{
					"name" : "BB[13]",
					"strict" : false
				},
				{
					"name" : "BB[14]",
					"strict" : false
				},
				{
					"name" : "BB[15]",
					"strict" : false
				},
				{
					"name" : "BC[0]",
					"strict" : false
				},
				{
					"name" : "BC[1]",
					"strict" : false
				},
				{
					"name" : "BC[2]",
					"strict" : false
				},
				{
					"name" : "BC[3]",
					"strict" : false
				},
				{
					"name" : "BC[4]",
					"strict" : false
				},
				{
					"name" : "BC[5]",
					"strict" : false
				},
				{
					"name" : "BC[6]",
					"strict" : false
				},
				{
					"name" : "BC[7]",
					"strict" : false
				},
				{
					"name" : "BC[8]",
					"strict" : false
				},
				{
					"name" : "BC[9]",
					"strict" : false
				},
				{
					"name" : "BC[10]",
					"strict" : false
				},
				{
					"name" : "BC[11]",
					"strict" : false
				},
				{
					"name" : "BC[12]",
					"strict" : false
				},
				{
					"name" : "BC[13]",
					"strict" : false
				},
				{
					"name" : "BC[14]",
					"strict" : false
				},
				{
					"name" : "BC[15]",
					"strict" : false
				},
				{
					"name" : "A[0]",
					"strict" : false
				},
				{
					"name" : "A[1]",
					"strict" : false
				},
				{
					"name" : "A[2]",
					"strict" : false
				},
				{
					"name" : "A[3]",
					"strict" : false
				},
				{
					"name" : "A[4]",
					"strict" : false
				},
				{
					"name" : "A[5]",
					"strict" : false
				},
				{
					"name" : "A[6]",
					"strict" : false
				},
				{
					"name" : "A[7]",
					"strict" : false
				},
				{
					"name" : "A[8]",
					"strict" : false
				},
				{
					"name" : "A[9]",
					"strict" : false
				},
				{
					"name" : "A[10]",
					"strict" : false
				},
				{
					"name" : "A[11]",
					"strict" : false
				},
				{
					"name" : "A[12]",
					"strict" : false
				},
				{
					"name" : "A[13]",
					"strict" : false
				},
				{
					"name" : "A[14]",
					"strict" : false
				},
				{
					"name" : "A[15]",
					"strict" : false
				},
				{
					"name" : "A[16]",
					"strict" : false
				},
				{
					"name" : "A[17]",
					"strict" : false
				},
				{
					"name" : "A[18]",
					"strict" : false
				},
				{
					"name" : "A[19]",
					"strict" : false
				},
				{
					"name" : "A[20]",
					"strict" : false
				},
				{
					"name" : "A[21]",
					"strict" : false
				},
				{
					"name" : "A[22]",
					"strict" : false
				},
				{
					"name" : "A[23]",
					"strict" : false
				},
				{
					"name" : "A[24]",
					"strict" : false
				},
				{
					"name" : "A[25]",
					"strict" : false
				},
				{
					"name" : "A[26]",
					"strict" : false
				},
				{
					"name" : "A[27]",
					"strict" : false
				},
				{
					"name" : "A[28]",
					"strict" : false
				},
				{
					"name" : "A[29]",
					"strict" : false
				},
				{
					"name" : "A[30]",
					"strict" : false
				},
				{
					"name" : "A[31]",
					"strict" : false
				},
				{
					"name" : "IRout[0]",
					"strict" : false
				},
				{
					"name" : "IRout[1]",
					"strict" : false
				},
				{
					"name" : "IRout[2]",
					"strict" : false
				},
				{
					"name" : "IRout[3]",
					"strict" : false
				},
				{
					"name" : "IRout[4]",
					"strict" : false
				},
				{
					"name" : "IRout[5]",
					"strict" : false
				},
				{
					"name" : "IRout[6]",
					"strict" : false
				},
				{
					"name" : "IRout[7]",
					"strict" : false
				},
				{
					"name" : "IRout[8]",
					"strict" : false
				},
				{
					"name" : "IRout[9]",
					"strict" : false
				},
				{
					"name" : "IRout[10]",
					"strict" : false
				},
				{
					"name" : "IRout[11]",
					"strict" : false
				},
				{
					"name" : "IRout[12]",
					"strict" : false
				},
				{
					"name" : "IRout[13]",
					"strict" : false
				},
				{
					"name" : "IRout[14]",
					"strict" : false
				},
				{
					"name" : "IRout[15]",
					"strict" : false
				},
				{
					"name" : "Sa[1]",
					"strict" : false
				},
				{
					"name" : "Sa[0]",
					"strict" : false
				},
				{
					"name" : "Sbb[0]",
					"strict" : false
				},
				{
					"name" : "Sbb[1]",
					"strict" : false
				},
				{
					"name" : "Sbb[2]",
					"strict" : false
				},
				{
					"name" : "Sbb[3]",
					"strict" : false
				},
				{
					"name" : "DI[0]",
					"strict" : false
				},
				{
					"name" : "Sbb[4]",
					"strict" : false
				},
				{
					"name" : "DI[1]",
					"strict" : false
				},
				{
					"name" : "DI[2]",
					"strict" : false
				},
				{
					"name" : "DI[3]",
					"strict" : false
				},
				{
					"name" : "DI[4]",
					"strict" : false
				},
				{
					"name" : "DI[5]",
					"strict" : false
				},
				{
					"name" : "DI[6]",
					"strict" : false
				},
				{
					"name" : "DI[7]",
					"strict" : false
				},
				{
					"name" : "DI[8]",
					"strict" : false
				},
				{
					"name" : "DI[9]",
					"strict" : false
				},
				{
					"name" : "DI[10]",
					"strict" : false
				},
				{
					"name" : "DI[11]",
					"strict" : false
				},
				{
					"name" : "DI[12]",
					"strict" : false
				},
				{
					"name" : "DI[13]",
					"strict" : false
				},
				{
					"name" : "DI[14]",
					"strict" : false
				},
				{
					"name" : "DI[15]",
					"strict" : false
				},
				{
					"name" : "Sbc[0]",
					"strict" : false
				},
				{
					"name" : "Sbc[1]",
					"strict" : false
				},
				{
					"name" : "Sbc[2]",
					"strict" : false
				},
				{
					"name" : "Sbc[3]",
					"strict" : false
				},
				{
					"name" : "Sbc[4]",
					"strict" : false
				},
				{
					"name" : "reset",
					"strict" : false
				},
				{
					"name" : "BA[0]",
					"strict" : false
				},
				{
					"name" : "Sba[0]",
					"strict" : false
				},
				{
					"name" : "Sba[4]",
					"strict" : false
				},
				{
					"name" : "Sba[3]",
					"strict" : false
				},
				{
					"name" : "Sba[2]",
					"strict" : false
				},
				{
					"name" : "Sba[1]",
					"strict" : false
				},
				{
					"name" : "clk",
					"strict" : false
				},
				{
					"name" : "Sid[2]",
					"strict" : false
				},
				{
					"name" : "Sid[1]",
					"strict" : false
				},
				{
					"name" : "Sid[0]",
					"strict" : false
				},
				{
					"name" : "BA[1]",
					"strict" : false
				},
				{
					"name" : "BA[2]",
					"strict" : false
				},
				{
					"name" : "BA[3]",
					"strict" : false
				},
				{
					"name" : "BA[4]",
					"strict" : false
				},
				{
					"name" : "BA[5]",
					"strict" : false
				},
				{
					"name" : "BA[6]",
					"strict" : false
				},
				{
					"name" : "BA[7]",
					"strict" : false
				},
				{
					"name" : "BA[8]",
					"strict" : false
				},
				{
					"name" : "BA[9]",
					"strict" : false
				},
				{
					"name" : "BA[10]",
					"strict" : false
				},
				{
					"name" : "BA[11]",
					"strict" : false
				},
				{
					"name" : "BA[12]",
					"strict" : false
				},
				{
					"name" : "BA[13]",
					"strict" : false
				},
				{
					"name" : "BA[14]",
					"strict" : false
				},
				{
					"name" : "BA[15]",
					"strict" : false
				}
			]
		}
	]
}